{
  "COLOR": {
    "precision": 1.0,
    "recall": 0.8571428571428571,
    "f1-score": 0.923076923076923,
    "support": 7,
    "confused_with": {}
  },
  "ITEM": {
    "precision": 0.0,
    "recall": 0.0,
    "f1-score": 0.0,
    "support": 1,
    "confused_with": {
      "ITEM.power_socket": 1
    }
  },
  "LOC": {
    "precision": 0.9230769230769231,
    "recall": 0.7741935483870968,
    "f1-score": 0.8421052631578947,
    "support": 31,
    "confused_with": {}
  },
  "ITEM.power_socket": {
    "precision": 0.8,
    "recall": 1.0,
    "f1-score": 0.888888888888889,
    "support": 4,
    "confused_with": {}
  },
  "BRIGHTNESS": {
    "precision": 0.9090909090909091,
    "recall": 1.0,
    "f1-score": 0.9523809523809523,
    "support": 10,
    "confused_with": {}
  },
  "ITEM.light": {
    "precision": 0.8928571428571429,
    "recall": 0.9259259259259259,
    "f1-score": 0.9090909090909091,
    "support": 27,
    "confused_with": {}
  },
  "STATE": {
    "precision": 0.9523809523809523,
    "recall": 1.0,
    "f1-score": 0.975609756097561,
    "support": 20,
    "confused_with": {}
  },
  "VALUE": {
    "precision": 0.9166666666666666,
    "recall": 1.0,
    "f1-score": 0.9565217391304348,
    "support": 11,
    "confused_with": {}
  },
  "micro avg": {
    "precision": 0.9174311926605505,
    "recall": 0.9009009009009009,
    "f1-score": 0.9090909090909092,
    "support": 111
  },
  "macro avg": {
    "precision": 0.7992590742590743,
    "recall": 0.8196577914319849,
    "f1-score": 0.8059593039779455,
    "support": 111
  },
  "weighted avg": {
    "precision": 0.9112107112107112,
    "recall": 0.9009009009009009,
    "f1-score": 0.9029329324021517,
    "support": 111
  },
  "accuracy": 0.955607476635514
}